Name,code_name,SMILES,no_of_rot_bonds,no_of_atoms
Pyrazole,OX_87,c1cn[nH]c1,0,9
Furan,OX_89,c1ccoc1,0,9
Imidazole,OX_94,c1c[nH]cn1,0,9
Cyclopentene,OX_10,C1=CCCC1,0,13
Phenylacetylene,OX_5,C#Cc1ccccc1,0,14
"1,3-Cyclohexadiene",OX_36,C1=CCCC=C1,0,14
"1,4-Dioxane",OX_53,C1COCCO1,0,14
"3,4-Dihydro-2H-pyran",OX_56,C1=COCCC1,0,14
Pyrrolidine,OX_67,C1CCNC1,0,14
"2,3-Benzofuran",OX_90,c1ccc2occc2c1,0,15
Thianaphthene,OX_92,c1ccc2sccc2c1,0,15
2-Mercaptobenzoxazole,OX_95,S=c1[nH]c2ccccc2o1,0,15
2-Mercaptobenzothiazole,OX_98,S=c1[nH]c2ccccc2s1,0,15
Cyclohexene,OX_9,C1=CCCCC1,0,16
Indole,OX_93,c1ccc2[nH]ccc2c1,0,16
2-Mercaptobenzimidazole,OX_102,S=c1[nH]c2ccccc2[nH]1,0,16
Norbornene,OX_11,C1=CC2CCC1C2,0,17
Indene,OX_30,C1=Cc2ccccc2C1,0,17
Piperidine,OX_65,C1CCNCC1,0,17
Quinoline,OX_88,c1ccc2ncccc2c1,0,17
Naphthalene,OX_4,c1ccc2ccccc2c1,0,18
Diphenylacetylene,OX_6,C(#Cc1ccccc1)c1ccccc1,0,24
"1,8-Diazabicyclo[5.4.0]undec-7-ene",OX_62,C1CCC2=NCCCN2CC1,0,27
2-Aminothiazole,OX_100,Nc1nccs1,1,10
4-Bromophenol,OX_45,Oc1ccc(Br)cc1,1,13
Phenol,OX_46,Oc1ccccc1,1,13
Thiphenol,OX_79,Sc1ccccc1,1,13
N-Methylpyrrole,OX_96,Cn1cccc1,1,13
4-Cyanophenol,OX_44,N#Cc1ccc(O)cc1,1,14
Aniline,OX_64,Nc1ccccc1,1,14
Toluene,OX_0,Cc1ccccc1,1,15
Styrene,OX_15,C=Cc1ccccc1,1,16
1-Methylcyclopentene,OX_22,CC1=CCCC1,1,16
1-Methylcyclohexene,OX_17,CC1=CCCCC1,1,19
2-Naphthol,OX_49,Oc1ccc2ccccc2c1,1,19
2-Naphthalenethiol,OX_83,Sc1ccc2ccccc2c1,1,19
N-Phenylmorpholine,OX_68,c1ccc(N2CCOCC2)cc1,1,25
1-Phenylcyclohexene,OX_32,C1=C(c2ccccc2)CCCC1,1,26
1-Cyclohex-1-enylpyrrolidine,OX_76,C1=C(N2CCCC2)CCCC1,1,28
1-Morpholinocyclohexene,OX_74,C1=C(N2CCOCC2)CCCC1,1,29
Furfuryl alcolhol,OX_91,OCc1ccco1,2,13
Hydroquinone,OX_52,Oc1ccc(O)cc1,2,14
"1,4-Benzenedithiol",OX_85,Sc1ccc(S)cc1,2,14
1-(3-thiophenyl)-(E)-1-propene,OX_40,C/C=C/C1=CSC=C1,2,16
Anisole,OX_55,COc1ccccc1,2,16
o-Phenylenediamine,OX_75,Nc1ccccc1N,2,16
Thioanisole,OX_81,CSc1ccccc1,2,16
p-Toluidine,OX_71,Cc1ccc(N)cc1,2,17
o-Xylene,OX_1,Cc1ccccc1C,2,18
m-Xylene,OX_2,Cc1cccc(C)c1,2,18
1-ethynyl-4-methoxybenzene,OX_7,C#Cc1ccc(OC)cc1,2,18
2-Chloro-trans--methylstyrene,OX_16,C/C=C/c1ccccc1Cl,2,19
3-Bromo-trans--methylstyrene,OX_18,C/C=C/C1=CC=CC(Br)=C1,2,19
Methylstyrene,OX_19,C=C(C)c1ccccc1,2,19
3-Chloro-trans--methylstyrene,OX_20,C/C=C/C1=CC=CC(Cl)=C1,2,19
4-Bromo-trans--methylstyrene,OX_23,C/C=C/c1ccc(Br)cc1,2,19
trans--methylstyrene,OX_24,C/C=C/c1ccccc1,2,19
4-Chloro-trans--methylstyrene,OX_26,CC=Cc1ccc(Cl)cc1,2,19
4-Fluoro-trans--methylstyrene,OX_27,C/C=C/C1=CC=C(F)C=C1,2,19
5-Methoxyindole,OX_97,COc1ccc2[nH]ccc2c1,2,20
4-Methoxyindole,OX_99,COc1cccc2[nH]ccc12,2,20
6-Methoxyindole,OX_101,COc1ccc2cc[nH]c2c1,2,20
Isosafrole,OX_43,C/C=C/c1ccc2c(c1)OCO2,2,22
2-Methoxynaphthalene,OX_60,COc1ccc2ccccc2c1,2,22
Diphenyl erher,OX_54,c1ccc(Oc2ccccc2)cc1,2,23
Diphenylamine,OX_66,c1ccc(Nc2ccccc2)cc1,2,24
"1,2-Diphenylethylene",OX_37,C=C(c1ccccc1)c1ccccc1,2,26
4-tert-Butyl-trans--methylstyrene,OX_31,CC=Cc1ccc(C(C)(C)C)cc1,2,31
2-Methyl-2-butene,OX_14,CC=C(C)C,3,15
Guaiacol,OX_48,COc1ccccc1O,3,17
4-Methoxyphenol,OX_51,COc1ccc(O)cc1,3,17
4-Methoxythiophenol,OX_86,COc1ccc(S)cc1,3,17
m-Anisidine,OX_69,COc1cccc(N)c1,3,18
"3,4-Dimethylphenol",OX_47,Cc1ccc(O)cc1C,3,19
"2,6-Dimethylthiophenol",OX_82,Cc1cccc(C)c1S,3,19
"N,N-Dimethylaniline",OX_73,CN(C)c1ccccc1,3,20
Mesitylene,OX_3,Cc1cc(C)cc(C)c1,3,21
3-Methyl-trans--methylstyrene,OX_25,CC=Cc1cccc(C)c1,3,22
2-Methyl-trans--methylstyrene,OX_28,C/C=C/c1ccccc1C,3,22
4-Methyl-trans--methylstyrene,OX_35,C/C=C/c1ccc(C)cc1,3,22
Phenyl disulfide,OX_78,c1ccc(SSc2ccccc2)cc1,3,24
3-Methyl-2-buten-1-ol,OX_12,CC(C)=CCO,4,16
2-Methyl-1-pentene,OX_8,C=C(C)CCC,4,18
"2,4-Dimethyl-1,3-pentadiene",OX_13,C=C(C)C=C(C)C,4,19
m-Dimethoxybenzene,OX_57,COc1cccc(OC)c1,4,20
o-Dimethoxybenzene,OX_59,COc1ccccc1OC,4,20
p-Dimethoxybenzene,OX_61,COc1ccc(OC)cc1,4,20
"2,4,6-Trimethylphenol",OX_50,Cc1cc(C)c(O)c(C)c1,4,22
3-Methoxy-trans--methylstyrene,OX_34,CC=Cc1cccc(OC)c1,4,23
2-Methoxy-trans--methylstyrene,OX_38,CC=Cc1ccccc1OC,4,23
trans-Anethole,OX_41,C/C=C/c1ccc(OC)cc1,4,23
Methyl (E)-4-(prop-1-enyl)benzoate,OX_21,C/C=C/c1ccc(C(OC)=O)cc1,4,25
"1,3-Di(1-propenylbenzene)",OX_29,C/C=C/C1=CC=CC(/C=C/C)=C1,4,26
"1,2-Di(1-propenylbenzene)",OX_33,C/C=C/C1=CC=CC=C1/C=C/C,4,26
"1,4-Di(1-propenylbenzene)",OX_39,C/C=C/c1ccc(/C=C/C)cc1,4,26
"3,4-Dimethoxystyrene",OX_42,C=Cc1ccc(OC)c(OC)c1,5,24
p-Nitrophenyl disulfide,OX_77,O=[N+]([O-])c1ccc(SSc2ccc([N+](=O)[O-])cc2)cc1,5,28
p-Tolyl disulfide,OX_80,Cc1ccc(SSc2ccc(C)cc2)cc1,5,30
Diisopropylamine,OX_63,CC(C)NC(C)C,6,22
Triethylamine,OX_72,CCN(CC)CC,6,22
"2,6-Di(iso-propyl)aniline",OX_70,CC(C)c1cccc(C(C)C)c1N,7,32
p-Methoxyphenyl disulfide,OX_84,COc1ccc(SSc2ccc(OC)cc2)cc1,7,32
"1,3-Di(iso-propoxy)benzene",OX_58,CC(C)Oc1cccc(OC(C)C)c1,8,32
